source	 target	 type
Finansudvalget	Mike Legarth	suit
Finansudvalget	Jesper Petersen	suit
Finansudvalget	René Christensen	suit
Finansudvalget	Ole Birk Olesen	suit
Finansudvalget	Frank Aaen	suit
Finansudvalget	Rasmus Prehn	suit
Finansudvalget	Thomas Jensen	suit
Finansudvalget	Jacob Jensen	suit
Finansudvalget	Claus Hjort Frederiksen	suit
Finansudvalget	Kristian Thulesen Dahl	suit
Finansudvalget	Simon Kollerup	suit
Finansudvalget	Camilla Hersom	suit
Finansudvalget	Jonas Dahl	suit
Finansudvalget	Peter Christensen	suit
Finansudvalget	Finn Sørensen	suit
Finansudvalget	Kristian Jensen	suit
Finansudvalget	Ane Halsboe-Jørgensen	suit
Forsvarsudvalget	John Dyrby Paulsen	suit
Forsvarsudvalget	Ole Hækkerup	suit
Forsvarsudvalget	Karsten Lauritzen	suit
Forsvarsudvalget	Lone Loklindt	suit
Forsvarsudvalget	Nadeem Farooq	suit
Forsvarsudvalget	Holger K. Nielsen	suit
Forsvarsudvalget	Søren Espersen	suit
Forsvarsudvalget	Doris Jakobsen	suit
Forsvarsudvalget	Christian Juhl	suit
Forsvarsudvalget	Jacob Lund	suit
Forsvarsudvalget	Hans Christian Thoning	suit
Forsvarsudvalget	Peter Juel Jensen	suit
Forsvarsudvalget	Annette Lind	suit
Forsvarsudvalget	Jakob Engel-Schmidt	suit
Forsvarsudvalget	Zenia Stampe	suit
Forsvarsudvalget	Karsten Nonbo	suit
Forsvarsudvalget	Kristian Pihl Lorentzen	suit
Forsvarsudvalget	Nikolaj Villumsen	suit
Forsvarsudvalget	Martin Henriksen	suit
Forsvarsudvalget	Marie Krarup	suit
Forsvarsudvalget	Jakob Ellemann-Jensen	suit
Forsvarsudvalget	Hans Kristian Skibby	suit
Forsvarsudvalget	Troels Lund Poulsen	suit
Forsvarsudvalget	Jørgen Arbo-Bæhr	suit
Forsvarsudvalget	Trine Mach	suit
Forsvarsudvalget	Leif Mikkelsen	suit
Forsvarsudvalget	Trine Bramsen	suit
Grønlandsudvalget	Eva Kjer Hansen	suit
Grønlandsudvalget	Helle Løvgreen Mølvig	suit
Grønlandsudvalget	Claus Hjort Frederiksen	suit
Grønlandsudvalget	Per Stig Møller	suit
Grønlandsudvalget	Villum Christensen	suit
Grønlandsudvalget	Torben Hansen	suit
Grønlandsudvalget	Søren Espersen	suit
Grønlandsudvalget	Ellen Trane Nørby	suit
Grønlandsudvalget	Doris Jakobsen	suit
Grønlandsudvalget	Christian Juhl	suit
Grønlandsudvalget	Nadeem Farooq	suit
Grønlandsudvalget	Annette Vilhelmsen	suit
Grønlandsudvalget	Flemming Damgaard Larsen	suit
Grønlandsudvalget	Karsten Nonbo	suit
Grønlandsudvalget	Martin Henriksen	suit
Grønlandsudvalget	Thomas Jensen	suit
Grønlandsudvalget	Kristian Thulesen Dahl	suit
Grønlandsudvalget	Marie Krarup	suit
Grønlandsudvalget	Jakob Ellemann-Jensen	suit
Grønlandsudvalget	Birgitte Josefsen	suit
Grønlandsudvalget	Özlem Sara Cekic	suit
Grønlandsudvalget	Finn Sørensen	suit
Grønlandsudvalget	Flemming Møller Mortensen	suit
Grønlandsudvalget	Uffe Elbæk	suit
Grønlandsudvalget	Astrid Krag	suit
Grønlandsudvalget	Orla Hav	suit
Grønlandsudvalget	Kim Andersen	suit
Børne- og Undervisningsudvalget	Lene Espersen	suit
Børne- og Undervisningsudvalget	Rasmus Horn Langhoff	suit
Børne- og Undervisningsudvalget	Alex Ahrendtsen	suit
Børne- og Undervisningsudvalget	Tina Nedergaard	suit
Børne- og Undervisningsudvalget	Finn Thranum	suit
Børne- og Undervisningsudvalget	Ane Halsboe-Jørgensen	suit
Børne- og Undervisningsudvalget	Lars Dohn	suit
Børne- og Undervisningsudvalget	Anni Matthiesen	suit
Børne- og Undervisningsudvalget	Henning Hyllested	suit
Børne- og Undervisningsudvalget	Jens Ejner Christensen	suit
Børne- og Undervisningsudvalget	Peter Juel Jensen	suit
Børne- og Undervisningsudvalget	Annette Lind	suit
Børne- og Undervisningsudvalget	Bent Bøgsted	suit
Børne- og Undervisningsudvalget	Julie Skovsby	suit
Børne- og Undervisningsudvalget	Thyra Frank	suit
Børne- og Undervisningsudvalget	Martin Henriksen	suit
Børne- og Undervisningsudvalget	Karen Ellemann	suit
Børne- og Undervisningsudvalget	Merete Riisager	suit
Børne- og Undervisningsudvalget	Jeppe Mikkelsen	suit
Børne- og Undervisningsudvalget	Marie Krarup	suit
Børne- og Undervisningsudvalget	Troels Ravn	suit
Børne- og Undervisningsudvalget	Marlene Borst Hansen	suit
Børne- og Undervisningsudvalget	Louise Schack Elholm	suit
Børne- og Undervisningsudvalget	Trine Mach	suit
Børne- og Undervisningsudvalget	Rosa Lund	suit
Børne- og Undervisningsudvalget	Lotte Rod	suit
Børne- og Undervisningsudvalget	Annette Vilhelmsen	suit
Børne- og Undervisningsudvalget	Orla Hav	suit
Europaudvalget	Sophie Løhde	suit
Europaudvalget	Esben Lunde Larsen	suit
Europaudvalget	Mette Bock	suit
Europaudvalget	Eva Kjer Hansen	suit
Europaudvalget	Claus Hjort Frederiksen	suit
Europaudvalget	Lars Barfoed	suit
Europaudvalget	Ida Auken	suit
Europaudvalget	Per Stig Møller	suit
Europaudvalget	Holger K. Nielsen	suit
Europaudvalget	Per Clausen	suit
Europaudvalget	Jacob Lund	suit
Europaudvalget	Erling Bonnesen	suit
Europaudvalget	Nadeem Farooq	suit
Europaudvalget	Zenia Stampe	suit
Europaudvalget	Nikolaj Villumsen	suit
Europaudvalget	Thomas Jensen	suit
Europaudvalget	Christian Langballe	suit
Europaudvalget	Jakob Ellemann-Jensen	suit
Europaudvalget	Jens Joel	suit
Europaudvalget	Jeppe Bruus	suit
Europaudvalget	Finn Sørensen	suit
Europaudvalget	Mikkel Dencker	suit
Europaudvalget	Lisbeth Bech Poulsen	suit
Europaudvalget	Morten Bødskov	suit
Europaudvalget	Pia Adelsteen	suit
Europaudvalget	Henrik Høegh	suit
Europaudvalget	René Christensen	suit
Europaudvalget	Trine Bramsen	suit
Udenrigsudvalget	Søren Pind	suit
Udenrigsudvalget	John Dyrby Paulsen	suit
Udenrigsudvalget	Mette Bock	suit
Udenrigsudvalget	Frank Aaen	suit
Udenrigsudvalget	Karsten Lauritzen	suit
Udenrigsudvalget	Per Stig Møller	suit
Udenrigsudvalget	Lone Loklindt	suit
Udenrigsudvalget	Ane Halsboe-Jørgensen	suit
Udenrigsudvalget	Esben Lunde Larsen	suit
Udenrigsudvalget	Liv Holm Andersen	suit
Udenrigsudvalget	Søren Espersen	suit
Udenrigsudvalget	Ellen Trane Nørby	suit
Udenrigsudvalget	Christian Juhl	suit
Udenrigsudvalget	Jacob Lund	suit
Udenrigsudvalget	Jens Ejner Christensen	suit
Udenrigsudvalget	Peter Juel Jensen	suit
Udenrigsudvalget	Zenia Stampe	suit
Udenrigsudvalget	Nikolaj Villumsen	suit
Udenrigsudvalget	Mette Gjerskov	suit
Udenrigsudvalget	Holger K. Nielsen	suit
Udenrigsudvalget	Jakob Ellemann-Jensen	suit
Udenrigsudvalget	Mads Rørvig	suit
Udenrigsudvalget	Hans Kristian Skibby	suit
Udenrigsudvalget	Peter Skaarup	suit
Udenrigsudvalget	Jeppe Bruus	suit
Udenrigsudvalget	Morten Bødskov	suit
Udenrigsudvalget	Pia Adelsteen	suit
Udenrigsudvalget	Henrik Dam Kristensen	suit
Udenrigsudvalget	Trine Mach	suit
Skatteudvalget	Frank Aaen	suit
Skatteudvalget	Thomas Danielsen	suit
Skatteudvalget	Ane Halsboe-Jørgensen	suit
Skatteudvalget	John Dyrby Paulsen	suit
Skatteudvalget	Karina Adsbøl	suit
Skatteudvalget	Hans Andersen	suit
Skatteudvalget	Astrid Krag	suit
Skatteudvalget	Pernille Rosenkrantz-Theil	suit
Skatteudvalget	Jacob Jensen	suit
Skatteudvalget	Nadeem Farooq	suit
Skatteudvalget	Kristian Pihl Lorentzen	suit
Skatteudvalget	Nikolaj Villumsen	suit
Skatteudvalget	Thomas Jensen	suit
Skatteudvalget	Troels Lund Poulsen	suit
Skatteudvalget	Torsten Schack Pedersen	suit
Skatteudvalget	Mads Rørvig	suit
Skatteudvalget	Hans Kristian Skibby	suit
Skatteudvalget	Brian Mikkelsen	suit
Skatteudvalget	Mikkel Dencker	suit
Skatteudvalget	Lisbeth Bech Poulsen	suit
Skatteudvalget	Jesper Petersen	suit
Skatteudvalget	Ole Birk Olesen	suit
Skatteudvalget	Jan E. Jørgensen	suit
Skatteudvalget	Simon Kollerup	suit
Skatteudvalget	Trine Mach	suit
Skatteudvalget	Lotte Rod	suit
Skatteudvalget	Dennis Flydtkjær	suit
Skatteudvalget	Stine Brix	suit
Retsudvalget	Marlene Borst Hansen	suit
Retsudvalget	Rasmus Prehn	suit
Retsudvalget	Johanne Schmidt-Nielsen	suit
Retsudvalget	Karsten Lauritzen	suit
Retsudvalget	Doris Jakobsen	suit
Retsudvalget	Henning Hyllested	suit
Retsudvalget	Peter Skaarup	suit
Retsudvalget	Inger Støjberg	suit
Retsudvalget	Julie Skovsby	suit
Retsudvalget	Zenia Stampe	suit
Retsudvalget	Karsten Nonbo	suit
Retsudvalget	Kristian Pihl Lorentzen	suit
Retsudvalget	Pernille Vigsø Bagge	suit
Retsudvalget	Pernille Skipper	suit
Retsudvalget	Tom Behnke	suit
Retsudvalget	Mette Reissmann	suit
Retsudvalget	Jeppe Mikkelsen	suit
Retsudvalget	Jeppe Bruus	suit
Retsudvalget	Pia Adelsteen	suit
Retsudvalget	Astrid Krag	suit
Retsudvalget	Jan E. Jørgensen	suit
Retsudvalget	Karen Jespersen	suit
Retsudvalget	Simon Emil Ammitzbøll	suit
Retsudvalget	Trine Bramsen	suit
Retsudvalget	Dennis Flydtkjær	suit
Retsudvalget	Karina Lorentzen Dehnhardt	suit
Retsudvalget	Kim Christiansen	suit
Retsudvalget	Kim Andersen	suit
Retsudvalget	Preben Bang Henriksen	suit
Erhvervs-	 Vækst- og Eksportudvalget	Anne-Mette Winther Christiansen	suit
Erhvervs-	 Vækst- og Eksportudvalget	Frank Aaen	suit
Erhvervs-	 Vækst- og Eksportudvalget	Mette Hjermind Dencker	suit
Erhvervs-	 Vækst- og Eksportudvalget	Ida Auken	suit
Erhvervs-	 Vækst- og Eksportudvalget	Michael Aastrup Jensen	suit
Erhvervs-	 Vækst- og Eksportudvalget	Hans Christian Thoning	suit
Erhvervs-	 Vækst- og Eksportudvalget	Jakob Engel-Schmidt	suit
Erhvervs-	 Vækst- og Eksportudvalget	Julie Skovsby	suit
Erhvervs-	 Vækst- og Eksportudvalget	Thomas Jensen	suit
Erhvervs-	 Vækst- og Eksportudvalget	Mette Reissmann	suit
Erhvervs-	 Vækst- og Eksportudvalget	Jeppe Mikkelsen	suit
Erhvervs-	 Vækst- og Eksportudvalget	Torsten Schack Pedersen	suit
Erhvervs-	 Vækst- og Eksportudvalget	Hans Kristian Skibby	suit
Erhvervs-	 Vækst- og Eksportudvalget	Brian Mikkelsen	suit
Erhvervs-	 Vækst- og Eksportudvalget	Nadeem Farooq	suit
Erhvervs-	 Vækst- og Eksportudvalget	Lisbeth Bech Poulsen	suit
Erhvervs-	 Vækst- og Eksportudvalget	Uffe Elbæk	suit
Erhvervs-	 Vækst- og Eksportudvalget	Ole Sohn	suit
Erhvervs-	 Vækst- og Eksportudvalget	Anne Sina	suit
Erhvervs-	 Vækst- og Eksportudvalget	Joachim B. Olsen	suit
Erhvervs-	 Vækst- og Eksportudvalget	Trine Bramsen	suit
Erhvervs-	 Vækst- og Eksportudvalget	Dennis Flydtkjær	suit
Erhvervs-	 Vækst- og Eksportudvalget	Stine Brix	suit
Erhvervs-	 Vækst- og Eksportudvalget	Kim Christiansen	suit
Erhvervs-	 Vækst- og Eksportudvalget	Hans Christian Schmidt	suit
Erhvervs-	 Vækst- og Eksportudvalget	Kim Andersen	suit
Erhvervs-	 Vækst- og Eksportudvalget	Preben Bang Henriksen	suit
Sundheds- og Forebyggelsesudvalget	Sophie Løhde	suit
Sundheds- og Forebyggelsesudvalget	Mette Hjermind Dencker	suit
Sundheds- og Forebyggelsesudvalget	Rasmus Horn Langhoff	suit
Sundheds- og Forebyggelsesudvalget	Karen J. Klint	suit
Sundheds- og Forebyggelsesudvalget	Finn Thranum	suit
Sundheds- og Forebyggelsesudvalget	Eigil Andersen	suit
Sundheds- og Forebyggelsesudvalget	Liv Holm Andersen	suit
Sundheds- og Forebyggelsesudvalget	Karina Adsbøl	suit
Sundheds- og Forebyggelsesudvalget	Hans Andersen	suit
Sundheds- og Forebyggelsesudvalget	Per Clausen	suit
Sundheds- og Forebyggelsesudvalget	Liselott Blixt	suit
Sundheds- og Forebyggelsesudvalget	Annette Lind	suit
Sundheds- og Forebyggelsesudvalget	Julie Skovsby	suit
Sundheds- og Forebyggelsesudvalget	Mai Mercado	suit
Sundheds- og Forebyggelsesudvalget	Thyra Frank	suit
Sundheds- og Forebyggelsesudvalget	Jane Heitmann	suit
Sundheds- og Forebyggelsesudvalget	Jonas Dahl	suit
Sundheds- og Forebyggelsesudvalget	Camilla Hersom	suit
Sundheds- og Forebyggelsesudvalget	Eyvind Vesselbo	suit
Sundheds- og Forebyggelsesudvalget	Özlem Sara Cekic	suit
Sundheds- og Forebyggelsesudvalget	Marlene Borst Hansen	suit
Sundheds- og Forebyggelsesudvalget	Martin Geertsen	suit
Sundheds- og Forebyggelsesudvalget	Flemming Møller Mortensen	suit
Sundheds- og Forebyggelsesudvalget	Anne Sina	suit
Sundheds- og Forebyggelsesudvalget	Jens Henrik Thulesen Dahl	suit
Sundheds- og Forebyggelsesudvalget	Simon Emil Ammitzbøll	suit
Sundheds- og Forebyggelsesudvalget	Orla Hav	suit
Sundheds- og Forebyggelsesudvalget	Stine Brix	suit
Sundheds- og Forebyggelsesudvalget	Hans Christian Schmidt	suit
Transportudvalget	Rasmus Prehn	suit
Transportudvalget	Rasmus Horn Langhoff	suit
Transportudvalget	Thomas Danielsen	suit
Transportudvalget	Ida Auken	suit
Transportudvalget	Villum Christensen	suit
Transportudvalget	Lone Loklindt	suit
Transportudvalget	Lars Dohn	suit
Transportudvalget	Per Clausen	suit
Transportudvalget	Henning Hyllested	suit
Transportudvalget	Anita Christensen	suit
Transportudvalget	Flemming Damgaard Larsen	suit
Transportudvalget	Karsten Nonbo	suit
Transportudvalget	Kristian Pihl Lorentzen	suit
Transportudvalget	Tom Behnke	suit
Transportudvalget	Mette Reissmann	suit
Transportudvalget	Jens Joel	suit
Transportudvalget	Martin Geertsen	suit
Transportudvalget	Lars Christian Lilleholt	suit
Transportudvalget	Mike Legarth	suit
Transportudvalget	Morten Marinus	suit
Transportudvalget	Anne Sina	suit
Transportudvalget	Leif Mikkelsen	suit
Transportudvalget	Orla Hav	suit
Transportudvalget	Karina Lorentzen Dehnhardt	suit
Transportudvalget	Kim Christiansen	suit
Transportudvalget	Hans Christian Schmidt	suit
Udvalget for Fødevarer	 Landbrug og Fiskeri	Esben Lunde Larsen	suit
Udvalget for Fødevarer	 Landbrug og Fiskeri	Mette Hjermind Dencker	suit
Udvalget for Fødevarer	 Landbrug og Fiskeri	Henning Hyllested	suit
Udvalget for Fødevarer	 Landbrug og Fiskeri	Thomas Danielsen	suit
Udvalget for Fødevarer	 Landbrug og Fiskeri	Helle Løvgreen Mølvig	suit
Udvalget for Fødevarer	 Landbrug og Fiskeri	Tina Nedergaard	suit
Udvalget for Fødevarer	 Landbrug og Fiskeri	Lone Loklindt	suit
Udvalget for Fødevarer	 Landbrug og Fiskeri	Lars Dohn	suit
Udvalget for Fødevarer	 Landbrug og Fiskeri	Per Clausen	suit
Udvalget for Fødevarer	 Landbrug og Fiskeri	Pernille Rosenkrantz-Theil	suit
Udvalget for Fødevarer	 Landbrug og Fiskeri	Jacob Jensen	suit
Udvalget for Fødevarer	 Landbrug og Fiskeri	Anita Christensen	suit
Udvalget for Fødevarer	 Landbrug og Fiskeri	Erling Bonnesen	suit
Udvalget for Fødevarer	 Landbrug og Fiskeri	Mette Reissmann	suit
Udvalget for Fødevarer	 Landbrug og Fiskeri	Simon Kollerup	suit
Udvalget for Fødevarer	 Landbrug og Fiskeri	Mette Bock	suit
Udvalget for Fødevarer	 Landbrug og Fiskeri	Henrik Høegh	suit
Udvalget for Fødevarer	 Landbrug og Fiskeri	Jesper Petersen	suit
Udvalget for Fødevarer	 Landbrug og Fiskeri	René Christensen	suit
Udvalget for Fødevarer	 Landbrug og Fiskeri	Jan E. Jørgensen	suit
Udvalget for Fødevarer	 Landbrug og Fiskeri	Charlotte Dyremose	suit
Udvalget for Fødevarer	 Landbrug og Fiskeri	Trine Mach	suit
Udvalget for Fødevarer	 Landbrug og Fiskeri	Orla Hav	suit
Udvalget for Fødevarer	 Landbrug og Fiskeri	Dennis Flydtkjær	suit
Udvalget for Fødevarer	 Landbrug og Fiskeri	Karina Lorentzen Dehnhardt	suit
Udvalget for Fødevarer	 Landbrug og Fiskeri	Hans Christian Schmidt	suit
Kulturudvalget	Leif Lahn Jensen	suit
Kulturudvalget	Mette Bock	suit
Kulturudvalget	Rasmus Prehn	suit
Kulturudvalget	Eva Kjer Hansen	suit
Kulturudvalget	Alex Ahrendtsen	suit
Kulturudvalget	Lars Barfoed	suit
Kulturudvalget	Lone Loklindt	suit
Kulturudvalget	Jan Johansen	suit
Kulturudvalget	Holger K. Nielsen	suit
Kulturudvalget	Ellen Trane Nørby	suit
Kulturudvalget	Anni Matthiesen	suit
Kulturudvalget	Michael Aastrup Jensen	suit
Kulturudvalget	Annette Vilhelmsen	suit
Kulturudvalget	Zenia Stampe	suit
Kulturudvalget	Flemming Damgaard Larsen	suit
Kulturudvalget	Pernille Skipper	suit
Kulturudvalget	Brian Mikkelsen	suit
Kulturudvalget	Troels Ravn	suit
Kulturudvalget	Özlem Sara Cekic	suit
Kulturudvalget	Marlene Borst Hansen	suit
Kulturudvalget	Jørgen Arbo-Bæhr	suit
Kulturudvalget	Flemming Møller Mortensen	suit
Kulturudvalget	Ole Sohn	suit
Kulturudvalget	Morten Marinus	suit
Kulturudvalget	Eyvind Vesselbo	suit
Kulturudvalget	Pia Kjærsgaard	suit
Kulturudvalget	Kim Andersen	suit
Beskæftigelsesudvalget	Leif Lahn Jensen	suit
Beskæftigelsesudvalget	Jørgen Arbo-Bæhr	suit
Beskæftigelsesudvalget	Claus Hjort Frederiksen	suit
Beskæftigelsesudvalget	Nadeem Farooq	suit
Beskæftigelsesudvalget	Eigil Andersen	suit
Beskæftigelsesudvalget	Jan Johansen	suit
Beskæftigelsesudvalget	Hans Andersen	suit
Beskæftigelsesudvalget	Christian Juhl	suit
Beskæftigelsesudvalget	Pernille Rosenkrantz-Theil	suit
Beskæftigelsesudvalget	Louise Schack Elholm	suit
Beskæftigelsesudvalget	Jens Ejner Christensen	suit
Beskæftigelsesudvalget	Peter Juel Jensen	suit
Beskæftigelsesudvalget	Ane Halsboe-Jørgensen	suit
Beskæftigelsesudvalget	Bent Bøgsted	suit
Beskæftigelsesudvalget	Lennart Damsbo-Andersen	suit
Beskæftigelsesudvalget	Jakob Engel-Schmidt	suit
Beskæftigelsesudvalget	Mai Mercado	suit
Beskæftigelsesudvalget	Fatma Øktem	suit
Beskæftigelsesudvalget	Jens Joel	suit
Beskæftigelsesudvalget	Finn Sørensen	suit
Beskæftigelsesudvalget	Pia Adelsteen	suit
Beskæftigelsesudvalget	Peter Christensen	suit
Beskæftigelsesudvalget	René Christensen	suit
Beskæftigelsesudvalget	Joachim B. Olsen	suit
Beskæftigelsesudvalget	Jens Henrik Thulesen Dahl	suit
Beskæftigelsesudvalget	Özlem Sara Cekic	suit
Miljøudvalget	Anne-Mette Winther Christiansen	suit
Miljøudvalget	Esben Lunde Larsen	suit
Miljøudvalget	Mette Hjermind Dencker	suit
Miljøudvalget	Villum Christensen	suit
Miljøudvalget	Lone Loklindt	suit
Miljøudvalget	John Dyrby Paulsen	suit
Miljøudvalget	Torben Hansen	suit
Miljøudvalget	Anni Matthiesen	suit
Miljøudvalget	Per Clausen	suit
Miljøudvalget	Erling Bonnesen	suit
Miljøudvalget	Hans Christian Thoning	suit
Miljøudvalget	Annette Lind	suit
Miljøudvalget	Lars Dohn	suit
Miljøudvalget	Mette Reissmann	suit
Miljøudvalget	Simon Kollerup	suit
Miljøudvalget	Hans Kristian Skibby	suit
Miljøudvalget	Eyvind Vesselbo	suit
Miljøudvalget	Jens Joel	suit
Miljøudvalget	Lisbeth Bech Poulsen	suit
Miljøudvalget	Pia Adelsteen	suit
Miljøudvalget	Henrik Høegh	suit
Miljøudvalget	Flemming Møller Mortensen	suit
Miljøudvalget	Uffe Elbæk	suit
Miljøudvalget	René Christensen	suit
Miljøudvalget	Charlotte Dyremose	suit
Miljøudvalget	Lotte Rod	suit
Miljøudvalget	Hans Christian Schmidt	suit
Udvalget for Udlændinge- og Integrationspolitik	Marlene Borst Hansen	suit
Udvalget for Udlændinge- og Integrationspolitik	Karen J. Klint	suit
Udvalget for Udlændinge- og Integrationspolitik	Johanne Schmidt-Nielsen	suit
Udvalget for Udlændinge- og Integrationspolitik	Anders Samuelsen	suit
Udvalget for Udlændinge- og Integrationspolitik	Karsten Lauritzen	suit
Udvalget for Udlændinge- og Integrationspolitik	Peter Skaarup	suit
Udvalget for Udlændinge- og Integrationspolitik	Michael Aastrup Jensen	suit
Udvalget for Udlændinge- og Integrationspolitik	Inger Støjberg	suit
Udvalget for Udlændinge- og Integrationspolitik	Lennart Damsbo-Andersen	suit
Udvalget for Udlændinge- og Integrationspolitik	Jakob Engel-Schmidt	suit
Udvalget for Udlændinge- og Integrationspolitik	Zenia Stampe	suit
Udvalget for Udlændinge- og Integrationspolitik	Fatma Øktem	suit
Udvalget for Udlændinge- og Integrationspolitik	Pernille Vigsø Bagge	suit
Udvalget for Udlændinge- og Integrationspolitik	Pernille Skipper	suit
Udvalget for Udlændinge- og Integrationspolitik	Martin Henriksen	suit
Udvalget for Udlændinge- og Integrationspolitik	Tom Behnke	suit
Udvalget for Udlændinge- og Integrationspolitik	Karen Ellemann	suit
Udvalget for Udlændinge- og Integrationspolitik	Mette Reissmann	suit
Udvalget for Udlændinge- og Integrationspolitik	Marie Krarup	suit
Udvalget for Udlændinge- og Integrationspolitik	Christian Langballe	suit
Udvalget for Udlændinge- og Integrationspolitik	Troels Ravn	suit
Udvalget for Udlændinge- og Integrationspolitik	Jeppe Bruus	suit
Udvalget for Udlændinge- og Integrationspolitik	Jørgen Arbo-Bæhr	suit
Udvalget for Udlændinge- og Integrationspolitik	Martin Geertsen	suit
Udvalget for Udlændinge- og Integrationspolitik	Anne Sina	suit
Udvalget for Udlændinge- og Integrationspolitik	Karen Jespersen	suit
Udvalget for Udlændinge- og Integrationspolitik	Lotte Rod	suit
Udvalget for Udlændinge- og Integrationspolitik	Trine Bramsen	suit
Udvalget for Udlændinge- og Integrationspolitik	Karina Lorentzen Dehnhardt	suit
By- og Boligudvalget	Ida Auken	suit
By- og Boligudvalget	Alex Ahrendtsen	suit
By- og Boligudvalget	Karsten Lauritzen	suit
By- og Boligudvalget	Eigil Andersen	suit
By- og Boligudvalget	Lars Dohn	suit
By- og Boligudvalget	Jan Johansen	suit
By- og Boligudvalget	Liv Holm Andersen	suit
By- og Boligudvalget	Karina Adsbøl	suit
By- og Boligudvalget	Michael Aastrup Jensen	suit
By- og Boligudvalget	Nadeem Farooq	suit
By- og Boligudvalget	Fatma Øktem	suit
By- og Boligudvalget	Jane Heitmann	suit
By- og Boligudvalget	Thomas Jensen	suit
By- og Boligudvalget	Mette Reissmann	suit
By- og Boligudvalget	Simon Kollerup	suit
By- og Boligudvalget	Jens Joel	suit
By- og Boligudvalget	Martin Geertsen	suit
By- og Boligudvalget	Lisbeth Bech Poulsen	suit
By- og Boligudvalget	Louise Schack Elholm	suit
By- og Boligudvalget	Ole Birk Olesen	suit
By- og Boligudvalget	Morten Marinus	suit
By- og Boligudvalget	Charlotte Dyremose	suit
By- og Boligudvalget	Karen Jespersen	suit
By- og Boligudvalget	Rosa Lund	suit
By- og Boligudvalget	Orla Hav	suit
By- og Boligudvalget	Dennis Flydtkjær	suit
By- og Boligudvalget	Özlem Sara Cekic	suit
By- og Boligudvalget	Preben Bang Henriksen	suit
Kommunaludvalget	Sophie Løhde	suit
Kommunaludvalget	Mette Hjermind Dencker	suit
Kommunaludvalget	Rasmus Prehn	suit
Kommunaludvalget	Helle Løvgreen Mølvig	suit
Kommunaludvalget	Mikkel Dencker	suit
Kommunaludvalget	Finn Thranum	suit
Kommunaludvalget	Lars Dohn	suit
Kommunaludvalget	Jan Johansen	suit
Kommunaludvalget	Liv Holm Andersen	suit
Kommunaludvalget	Jacob Jensen	suit
Kommunaludvalget	Anita Christensen	suit
Kommunaludvalget	Erling Bonnesen	suit
Kommunaludvalget	Michael Aastrup Jensen	suit
Kommunaludvalget	Hans Christian Thoning	suit
Kommunaludvalget	Annette Lind	suit
Kommunaludvalget	Nadeem Farooq	suit
Kommunaludvalget	Torben Hansen	suit
Kommunaludvalget	Pernille Vigsø Bagge	suit
Kommunaludvalget	Thomas Jensen	suit
Kommunaludvalget	Simon Kollerup	suit
Kommunaludvalget	Finn Sørensen	suit
Kommunaludvalget	Martin Geertsen	suit
Kommunaludvalget	Lisbeth Bech Poulsen	suit
Kommunaludvalget	Mike Legarth	suit
Kommunaludvalget	Ole Birk Olesen	suit
Kommunaludvalget	Morten Marinus	suit
Kommunaludvalget	Jan E. Jørgensen	suit
Kommunaludvalget	Anne Sina	suit
Kommunaludvalget	Rosa Lund	suit
Uddannelses- og Forskningsudvalget	Bertel Haarder	suit
Uddannelses- og Forskningsudvalget	Anne-Mette Winther Christiansen	suit
Uddannelses- og Forskningsudvalget	Esben Lunde Larsen	suit
Uddannelses- og Forskningsudvalget	Rasmus Prehn	suit
Uddannelses- og Forskningsudvalget	Kristian Jensen	suit
Uddannelses- og Forskningsudvalget	Ole Hækkerup	suit
Uddannelses- og Forskningsudvalget	Alex Ahrendtsen	suit
Uddannelses- og Forskningsudvalget	Lene Espersen	suit
Uddannelses- og Forskningsudvalget	Tina Nedergaard	suit
Uddannelses- og Forskningsudvalget	Villum Christensen	suit
Uddannelses- og Forskningsudvalget	Liv Holm Andersen	suit
Uddannelses- og Forskningsudvalget	Annette Vilhelmsen	suit
Uddannelses- og Forskningsudvalget	Pernille Vigsø Bagge	suit
Uddannelses- og Forskningsudvalget	Pernille Skipper	suit
Uddannelses- og Forskningsudvalget	Karen Ellemann	suit
Uddannelses- og Forskningsudvalget	Merete Riisager	suit
Uddannelses- og Forskningsudvalget	Mette Reissmann	suit
Uddannelses- og Forskningsudvalget	Jeppe Mikkelsen	suit
Uddannelses- og Forskningsudvalget	Jonas Dahl	suit
Uddannelses- og Forskningsudvalget	Marie Krarup	suit
Uddannelses- og Forskningsudvalget	Christian Langballe	suit
Uddannelses- og Forskningsudvalget	Simon Kollerup	suit
Uddannelses- og Forskningsudvalget	Mads Rørvig	suit
Uddannelses- og Forskningsudvalget	Jeppe Bruus	suit
Uddannelses- og Forskningsudvalget	Jesper Petersen	suit
Uddannelses- og Forskningsudvalget	Rosa Lund	suit
Uddannelses- og Forskningsudvalget	Lotte Rod	suit
Uddannelses- og Forskningsudvalget	Jens Henrik Thulesen Dahl	suit
Uddannelses- og Forskningsudvalget	Trine Bramsen	suit
Udvalget for Forretningsordenen	Flemming Damgaard Larsen	suit
Udvalget for Forretningsordenen	Torben Hansen	suit
Udvalget for Forretningsordenen	Søren Espersen	suit
Udvalget for Forretningsordenen	John Dyrby Paulsen	suit
Udvalget for Forretningsordenen	Bertel Haarder	suit
Udvalget for Forretningsordenen	Lone Loklindt	suit
Udvalget for Forretningsordenen	Birthe Rønn Hornbech	suit
Udvalget for Forretningsordenen	Jonas Dahl	suit
Udvalget for Forretningsordenen	Ole Hækkerup	suit
Udvalget for Forretningsordenen	Kristian Jensen	suit
Udvalget for Forretningsordenen	Peter Skaarup	suit
Udvalget for Forretningsordenen	Camilla Hersom	suit
Udvalget for Forretningsordenen	Mogens Lykketoft	suit
Udvalget for Forretningsordenen	Brian Mikkelsen	suit
Udvalget for Forretningsordenen	Simon Emil Ammitzbøll	suit
Udvalget for Forretningsordenen	Henrik Dam Kristensen	suit
Udvalget for Forretningsordenen	Karen J. Klint	suit
Udvalget for Forretningsordenen	Stine Brix	suit
Udvalget for Forretningsordenen	Pia Kjærsgaard	suit
Udvalget for Forretningsordenen	Hans Christian Schmidt	suit
Socialudvalget	Sophie Løhde	suit
Socialudvalget	Anne-Mette Winther Christiansen	suit
Socialudvalget	Karen J. Klint	suit
Socialudvalget	Finn Thranum	suit
Socialudvalget	Liv Holm Andersen	suit
Socialudvalget	Karina Adsbøl	suit
Socialudvalget	Hans Andersen	suit
Socialudvalget	Astrid Krag	suit
Socialudvalget	Pernille Rosenkrantz-Theil	suit
Socialudvalget	Julie Skovsby	suit
Socialudvalget	Mai Mercado	suit
Socialudvalget	Thyra Frank	suit
Socialudvalget	Pernille Vigsø Bagge	suit
Socialudvalget	Pernille Skipper	suit
Socialudvalget	Karen Ellemann	suit
Socialudvalget	Merete Riisager	suit
Socialudvalget	Mette Reissmann	suit
Socialudvalget	Eyvind Vesselbo	suit
Socialudvalget	Jens Joel	suit
Socialudvalget	Marlene Borst Hansen	suit
Socialudvalget	Finn Sørensen	suit
Socialudvalget	Louise Schack Elholm	suit
Socialudvalget	René Christensen	suit
Socialudvalget	Lotte Rod	suit
Socialudvalget	Jens Henrik Thulesen Dahl	suit
Socialudvalget	Orla Hav	suit
Socialudvalget	Karina Lorentzen Dehnhardt	suit
Socialudvalget	Özlem Sara Cekic	suit
Klima-	 Energi- og Bygningsudvalget	Frank Aaen	suit
Klima-	 Energi- og Bygningsudvalget	Thomas Danielsen	suit
Klima-	 Energi- og Bygningsudvalget	Villum Christensen	suit
Klima-	 Energi- og Bygningsudvalget	Lone Loklindt	suit
Klima-	 Energi- og Bygningsudvalget	Lars Dohn	suit
Klima-	 Energi- og Bygningsudvalget	Ellen Trane Nørby	suit
Klima-	 Energi- og Bygningsudvalget	Per Clausen	suit
Klima-	 Energi- og Bygningsudvalget	Pernille Rosenkrantz-Theil	suit
Klima-	 Energi- og Bygningsudvalget	Jacob Jensen	suit
Klima-	 Energi- og Bygningsudvalget	Jacob Lund	suit
Klima-	 Energi- og Bygningsudvalget	Jens Ejner Christensen	suit
Klima-	 Energi- og Bygningsudvalget	Liselott Blixt	suit
Klima-	 Energi- og Bygningsudvalget	Julie Skovsby	suit
Klima-	 Energi- og Bygningsudvalget	Mike Legarth	suit
Klima-	 Energi- og Bygningsudvalget	Kristian Pihl Lorentzen	suit
Klima-	 Energi- og Bygningsudvalget	Eyvind Vesselbo	suit
Klima-	 Energi- og Bygningsudvalget	Jens Joel	suit
Klima-	 Energi- og Bygningsudvalget	Mikkel Dencker	suit
Klima-	 Energi- og Bygningsudvalget	Lars Christian Lilleholt	suit
Klima-	 Energi- og Bygningsudvalget	Flemming Møller Mortensen	suit
Klima-	 Energi- og Bygningsudvalget	Jesper Petersen	suit
Klima-	 Energi- og Bygningsudvalget	René Christensen	suit
Klima-	 Energi- og Bygningsudvalget	Charlotte Dyremose	suit
Klima-	 Energi- og Bygningsudvalget	Lotte Rod	suit
Klima-	 Energi- og Bygningsudvalget	Kim Christiansen	suit
Udvalget til Valgs Prøvelse	Mike Legarth	suit
Udvalget til Valgs Prøvelse	Mette Gjerskov	suit
Udvalget til Valgs Prøvelse	Frank Aaen	suit
Udvalget til Valgs Prøvelse	Thomas Jensen	suit
Udvalget til Valgs Prøvelse	Peter Christensen	suit
Udvalget til Valgs Prøvelse	Torsten Schack Pedersen	suit
Udvalget til Valgs Prøvelse	Camilla Hersom	suit
Udvalget til Valgs Prøvelse	Hans Kristian Skibby	suit
Udvalget til Valgs Prøvelse	Hans Christian Thoning	suit
Udvalget til Valgs Prøvelse	Peter Juel Jensen	suit
Udvalget til Valgs Prøvelse	Leif Mikkelsen	suit
Udvalget til Valgs Prøvelse	Bent Bøgsted	suit
Udvalget til Valgs Prøvelse	Karen J. Klint	suit
Udvalget til Valgs Prøvelse	Karina Lorentzen Dehnhardt	suit
Udvalget til Valgs Prøvelse	Julie Skovsby	suit
Udvalget til Valgs Prøvelse	Ane Halsboe-Jørgensen	suit
Udvalget til Valgs Prøvelse	Pernille Skipper	suit
Udvalget for Landdistrikter og Øer	Esben Lunde Larsen	suit
Udvalget for Landdistrikter og Øer	Mette Hjermind Dencker	suit
Udvalget for Landdistrikter og Øer	Eva Kjer Hansen	suit
Udvalget for Landdistrikter og Øer	Thomas Danielsen	suit
Udvalget for Landdistrikter og Øer	Helle Løvgreen Mølvig	suit
Udvalget for Landdistrikter og Øer	Eigil Andersen	suit
Udvalget for Landdistrikter og Øer	John Dyrby Paulsen	suit
Udvalget for Landdistrikter og Øer	Karina Adsbøl	suit
Udvalget for Landdistrikter og Øer	Anni Matthiesen	suit
Udvalget for Landdistrikter og Øer	Henning Hyllested	suit
Udvalget for Landdistrikter og Øer	Jacob Lund	suit
Udvalget for Landdistrikter og Øer	Erling Bonnesen	suit
Udvalget for Landdistrikter og Øer	Annette Lind	suit
Udvalget for Landdistrikter og Øer	Bent Bøgsted	suit
Udvalget for Landdistrikter og Øer	Lennart Damsbo-Andersen	suit
Udvalget for Landdistrikter og Øer	Lars Dohn	suit
Udvalget for Landdistrikter og Øer	Mai Mercado	suit
Udvalget for Landdistrikter og Øer	Flemming Damgaard Larsen	suit
Udvalget for Landdistrikter og Øer	Torsten Schack Pedersen	suit
Udvalget for Landdistrikter og Øer	Troels Ravn	suit
Udvalget for Landdistrikter og Øer	Simon Kollerup	suit
Udvalget for Landdistrikter og Øer	Morten Marinus	suit
Udvalget for Landdistrikter og Øer	Lotte Rod	suit
Udvalget for Landdistrikter og Øer	Leif Mikkelsen	suit
Udvalget for Landdistrikter og Øer	Hans Christian Schmidt	suit
Kirkeudvalget	Bertel Haarder	suit
Kirkeudvalget	Leif Lahn Jensen	suit
Kirkeudvalget	Mette Bock	suit
Kirkeudvalget	Charlotte Dyremose	suit
Kirkeudvalget	Rasmus Horn Langhoff	suit
Kirkeudvalget	Ole Hækkerup	suit
Kirkeudvalget	Karen J. Klint	suit
Kirkeudvalget	Søren Pind	suit
Kirkeudvalget	Eigil Andersen	suit
Kirkeudvalget	Søren Espersen	suit
Kirkeudvalget	Per Clausen	suit
Kirkeudvalget	Erling Bonnesen	suit
Kirkeudvalget	Julie Skovsby	suit
Kirkeudvalget	Flemming Damgaard Larsen	suit
Kirkeudvalget	Kristian Pihl Lorentzen	suit
Kirkeudvalget	Pernille Vigsø Bagge	suit
Kirkeudvalget	Jeppe Mikkelsen	suit
Kirkeudvalget	Marie Krarup	suit
Kirkeudvalget	Christian Langballe	suit
Kirkeudvalget	Camilla Hersom	suit
Kirkeudvalget	Birgitte Josefsen	suit
Kirkeudvalget	Marlene Borst Hansen	suit
Kirkeudvalget	Jørgen Arbo-Bæhr	suit
Kirkeudvalget	Flemming Møller Mortensen	suit
Kirkeudvalget	Morten Marinus	suit
Kirkeudvalget	Birthe Rønn Hornbech	suit
Kirkeudvalget	Rosa Lund	suit
Kirkeudvalget	Orla Hav	suit
Kirkeudvalget	Hans Christian Schmidt	suit
Tingsekretærer	Karen J. Klint	suit
Tingsekretærer	Lars Christian Lilleholt	suit
Tingsekretærer	John Dyrby Paulsen	suit
Tingsekretærer	Bent Bøgsted	suit
Ligestillingsudvalget	Rasmus Prehn	suit
Ligestillingsudvalget	Rasmus Horn Langhoff	suit
Ligestillingsudvalget	Johanne Schmidt-Nielsen	suit
Ligestillingsudvalget	Finn Thranum	suit
Ligestillingsudvalget	Liv Holm Andersen	suit
Ligestillingsudvalget	Astrid Krag	suit
Ligestillingsudvalget	Pernille Rosenkrantz-Theil	suit
Ligestillingsudvalget	Louise Schack Elholm	suit
Ligestillingsudvalget	Karen Ellemann	suit
Ligestillingsudvalget	Liselott Blixt	suit
Ligestillingsudvalget	Inger Støjberg	suit
Ligestillingsudvalget	Lennart Damsbo-Andersen	suit
Ligestillingsudvalget	Jakob Engel-Schmidt	suit
Ligestillingsudvalget	Zenia Stampe	suit
Ligestillingsudvalget	Fatma Øktem	suit
Ligestillingsudvalget	Martin Henriksen	suit
Ligestillingsudvalget	Jane Heitmann	suit
Ligestillingsudvalget	Merete Riisager	suit
Ligestillingsudvalget	Mads Rørvig	suit
Ligestillingsudvalget	Hans Kristian Skibby	suit
Ligestillingsudvalget	Troels Ravn	suit
Ligestillingsudvalget	Özlem Sara Cekic	suit
Ligestillingsudvalget	Marlene Borst Hansen	suit
Ligestillingsudvalget	Jørgen Arbo-Bæhr	suit
Ligestillingsudvalget	Pia Adelsteen	suit
Ligestillingsudvalget	Charlotte Dyremose	suit
Ligestillingsudvalget	Karina Lorentzen Dehnhardt	suit
Ligestillingsudvalget	Stine Brix	suit
Indfødsretsudvalget	Liv Holm Andersen	suit
Indfødsretsudvalget	Leif Mikkelsen	suit
Indfødsretsudvalget	Jeppe Bruus	suit
Indfødsretsudvalget	Jan E. Jørgensen	suit
Indfødsretsudvalget	Karsten Nonbo	suit
Indfødsretsudvalget	Tom Behnke	suit
Indfødsretsudvalget	Marie Krarup	suit
Indfødsretsudvalget	Christian Langballe	suit
Indfødsretsudvalget	Karen J. Klint	suit
Indfødsretsudvalget	Michael Aastrup Jensen	suit
Indfødsretsudvalget	Johanne Schmidt-Nielsen	suit
Indfødsretsudvalget	Jens Joel	suit
Indfødsretsudvalget	Trine Bramsen	suit
Indfødsretsudvalget	Lennart Damsbo-Andersen	suit
Indfødsretsudvalget	Karina Lorentzen Dehnhardt	suit
Indfødsretsudvalget	Marlene Borst Hansen	suit
Indfødsretsudvalget	Preben Bang Henriksen	suit
Færøudvalget	Sophie Løhde	suit
Færøudvalget	Sjúrður Skaale	suit
Færøudvalget	Rasmus Prehn	suit
Færøudvalget	Thomas Danielsen	suit
Færøudvalget	Helle Løvgreen Mølvig	suit
Færøudvalget	Claus Hjort Frederiksen	suit
Færøudvalget	Per Stig Møller	suit
Færøudvalget	Finn Thranum	suit
Færøudvalget	Villum Christensen	suit
Færøudvalget	Lone Loklindt	suit
Færøudvalget	Torben Hansen	suit
Færøudvalget	Søren Espersen	suit
Færøudvalget	Astrid Krag	suit
Færøudvalget	Christian Juhl	suit
Færøudvalget	Nadeem Farooq	suit
Færøudvalget	Flemming Damgaard Larsen	suit
Færøudvalget	Martin Henriksen	suit
Færøudvalget	Thomas Jensen	suit
Færøudvalget	Kristian Thulesen Dahl	suit
Færøudvalget	Marie Krarup	suit
Færøudvalget	Jonas Dahl	suit
Færøudvalget	Özlem Sara Cekic	suit
Færøudvalget	Finn Sørensen	suit
Færøudvalget	Flemming Møller Mortensen	suit
Færøudvalget	Jesper Petersen	suit
Færøudvalget	Birthe Rønn Hornbech	suit
Færøudvalget	Trine Mach	suit
Færøudvalget	Edmund Joensen	suit
Færøudvalget	Kim Andersen	suit
Tilsynet med Folketingets Bibliotek	Birthe Rønn Hornbech	suit
Tilsynet med Folketingets Bibliotek	Troels Ravn	suit
Underudvalget under Udvalget for Forretningsordenen	Henrik Dam Kristensen	suit
Underudvalget under Udvalget for Forretningsordenen	Anne Baastrup	suit
Underudvalget under Udvalget for Forretningsordenen	Kristian Jensen	suit
Underudvalget under Udvalget for Forretningsordenen	Peter Skaarup	suit
Underudvalget under Udvalget for Forretningsordenen	Brian Mikkelsen	suit
Underudvalget under Udvalget for Forretningsordenen	Simon Emil Ammitzbøll	suit
Underudvalget under Udvalget for Forretningsordenen	Stine Brix	suit
Underudvalget under Udvalget for Forretningsordenen	Lone Loklindt	suit
Udvalget for Småøer	Flemming Damgaard Larsen	suit
Udvalget for Småøer	Mette Hjermind Dencker	suit
Udvalget for Småøer	Thomas Danielsen	suit
Udvalget for Småøer	Henning Hyllested	suit
Udvalget for Småøer	Hans Christian Schmidt	suit
Udvalget for Småøer	Simon Kollerup	suit
Udvalget for Småøer	Lennart Damsbo-Andersen	suit
Udvalget for Småøer	Mai Mercado	suit
Udvalget for Småøer	Eigil Andersen	suit
Tilsynet i henhold til grundlovens § 71	Orla Hav	suit
Tilsynet i henhold til grundlovens § 71	Jane Heitmann	suit
Tilsynet i henhold til grundlovens § 71	Karen Jespersen	suit
Tilsynet i henhold til grundlovens § 71	Liselott Blixt	suit
Tilsynet i henhold til grundlovens § 71	Özlem Sara Cekic	suit
Tilsynet i henhold til grundlovens § 71	Marlene Borst Hansen	suit
Tilsynet i henhold til grundlovens § 71	Karen J. Klint	suit
Tilsynet i henhold til grundlovens § 71	Stine Brix	suit
Tilsynet i henhold til grundlovens § 71	Thyra Frank	suit
Europaudvalgets Underudvalg	Nikolaj Villumsen	suit
Europaudvalgets Underudvalg	Mette Bock	suit
Europaudvalgets Underudvalg	Eva Kjer Hansen	suit
Europaudvalgets Underudvalg	Mette Reissmann	suit
Europaudvalgets Underudvalg	Camilla Hersom	suit
Europaudvalgets Underudvalg	Per Stig Møller	suit
Europaudvalgets Underudvalg	Lisbeth Bech Poulsen	suit
Europaudvalgets Underudvalg	Pia Adelsteen	suit
